{
  "APP": {
    "fair_value_per_share": 326.18218338025054,
    "current_price": 616.89,
    "upside_pct": -47.12474130229854,
    "enterprise_value": 102177727045.21492,
    "equity_value": 100332661061.21492,
    "assumptions": {
      "growth_rates": [
        30,
        25,
        20,
        15,
        12
      ],
      "terminal_growth": 3.0,
      "discount_rate": 10.0
    }
  },
  "MU": {
    "fair_value_per_share": 375.197334742801,
    "current_price": 237.5903,
    "upside_pct": 57.91778315141695,
    "enterprise_value": 427273228546.2667,
    "equity_value": 422228228354.2667,
    "assumptions": {
      "growth_rates": [
        40,
        30,
        20,
        10,
        5
      ],
      "terminal_growth": 2.0,
      "discount_rate": 11.0
    }
  },
  "PLTR": {
    "fair_value_per_share": 36.53358731760575,
    "current_price": 168.65,
    "upside_pct": -78.3376298146423,
    "enterprise_value": 77252535257.97867,
    "equity_value": 83454916089.97867,
    "assumptions": {
      "growth_rates": [
        45,
        40,
        35,
        30,
        25
      ],
      "terminal_growth": 4.0,
      "discount_rate": 12.0
    }
  },
  "ALAB": {
    "fair_value_per_share": 59.06207032900096,
    "current_price": 166.03,
    "upside_pct": -64.42686844004038,
    "enterprise_value": 8872690215.014572,
    "equity_value": 9975797247.014572,
    "assumptions": {
      "growth_rates": [
        50,
        40,
        30,
        20,
        15
      ],
      "terminal_growth": 3.0,
      "discount_rate": 12.0
    }
  }
}