{
  "tickers": [
    "MU",
    "NVDA",
    "AMD",
    "MRVL"
  ],
  "optimal_weights": {
    "MU": 84.97,
    "NVDA": 13.15,
    "AMD": 0.56,
    "MRVL": 1.32
  },
  "optimal_return": 100.37,
  "optimal_volatility": 59.25,
  "optimal_sharpe": 1.618,
  "equal_weight_return": 58.54,
  "equal_weight_volatility": 51.53,
  "equal_weight_sharpe": 1.049,
  "improvement_sharpe": 0.569,
  "correlation_matrix": [
    [
      0.4056624742929275,
      0.19886843197332826,
      0.2147826517516585,
      0.2723652783694272
    ],
    [
      0.19886843197332826,
      0.24894614657012892,
      0.18026147687609992,
      0.2381362299761935
    ],
    [
      0.2147826517516585,
      0.18026147687609992,
      0.36938267846260764,
      0.23873769126919078
    ],
    [
      0.2723652783694272,
      0.2381362299761935,
      0.23873769126919078,
      0.5379051998685875
    ]
  ]
}